subject_id,file_path,category,meaning,recommended_followup
all,fpreproc/results/batch_processing_summary.json,run_summary,Batch-level provenance for 15 subjects with timing and success flags,Baseline record; rerun after any QC-driven reprocessing to keep in sync.
all,fpreproc/results/logs,logs,Execution logs per subject for debugging warnings/errors,Scan for recurring warnings; keep for provenance when reporting methods.
sub-001,fpreproc/results/sub-001_pipeline_results.json,provenance,"Per-subject pipeline record (nTP 281, mean FD 4.26, tSNR 49.7)","High motion (mean FD 4.26, 98.2%>0.5); use as QC gate and reproducibility record."
sub-001,fpreproc/results/preprocessing/sub-001/sub-001_smoothed.nii.gz,preprocessing,Final preprocessed fMRI in MNI space with smoothing applied,Scrub high-FD volumes or add ICA-AROMA/regressors before stats. Save clean copy if reprocessed.
sub-001,fpreproc/results/preprocessing/sub-001/sub-001_motion_params.txt,preprocessing,Framewise motion parameters from MCFLIRT/AFNI (6 DOF + derivatives),Use to compute scrubbing frames and as nuisance regressors in GLM/FC.
sub-001,fpreproc/results/connectivity/sub-001/sub-001_roi_timeseries.npy,connectivity,Atlas-averaged time series (AAL 116 ROIs) extracted from preprocessed fMRI,Check for spikes; align censoring with motion outliers. Scrub high-FD volumes or add ICA-AROMA/regressors before stats.
sub-001,fpreproc/results/connectivity/sub-001/sub-001_fc_correlation.npy,connectivity,ROI-to-ROI Pearson correlation matrix (symmetric 116x116),"Apply Fisher z/threshold; recompute after motion scrubbing. High motion (mean FD 4.26, 98.2%>0.5)"
sub-001,fpreproc/results/connectivity/sub-001/sub-001_fc_partial_correlation.npy,connectivity,Partial correlation matrix controlling shared variance,"Use for sparse graphs; validate stability after nuisance regression. High motion (mean FD 4.26, 98.2%>0.5)"
sub-001,fpreproc/results/connectivity/sub-001/sub-001_graph_metrics.json,connectivity,"Graph measures derived from FC (density, modularity, etc.)",Interpret only after network thresholding and motion control; compare against nulls.
sub-001,fpreproc/results/connectivity/sub-001/sub-001_ica_components.nii.gz,ica,Spatial ICA maps (20 components) with accompanying timecourses/classifications,Review classifications; remove noise components before group analysis.
sub-001,fpreproc/results/connectivity/sub-001/sub-001_ica_classifications.json,ica,Noise vs signal labels per ICA component with high-frequency ratios,Confirm labels manually; rerun ICA after scrubbing if motion-driven artifacts dominate.
sub-001,fpreproc/results/connectivity/sub-001/sub-001_ec_granger.npy,effective_connectivity,Directed connectivity matrix (target x source) from Granger causality,Check stationarity; rerun after nuisance cleanup to reduce spurious directionality.
sub-001,fpreproc/results/connectivity/sub-001/sub-001_ec_transfer_entropy.npy,effective_connectivity,Directed connectivity matrix estimated via transfer entropy,Validate symmetry/asymmetry patterns; ensure adequate sample length after censoring.
sub-001,fpreproc/results/visualization/sub-001/sub-001_network_viz_metadata.json,visualization,"Paths to glass brain, 3D, circular, and matrix visualizations of FC",Use for QC/presentation; regenerate after any connectivity changes.
sub-001,fpreproc/results/visualization/sub-001/sub-001_activation_viz_metadata.json,visualization,"Metadata for mean functional image, tSNR map, and ICA component snapshots",Inspect for dropouts or residual motion; rerun after cleaning if artifacts persist.
sub-002,fpreproc/results/sub-002_pipeline_results.json,provenance,"Per-subject pipeline record (nTP 281, mean FD 28.69, tSNR 20.9)","High motion (mean FD 28.69, 99.6%>0.5); Low tSNR 20.9; use as QC gate and reproducibility record."
sub-002,fpreproc/results/preprocessing/sub-002/sub-002_smoothed.nii.gz,preprocessing,Final preprocessed fMRI in MNI space with smoothing applied,Scrub high-FD volumes or add ICA-AROMA/regressors before stats. Save clean copy if reprocessed.
sub-002,fpreproc/results/preprocessing/sub-002/sub-002_motion_params.txt,preprocessing,Framewise motion parameters from MCFLIRT/AFNI (6 DOF + derivatives),Use to compute scrubbing frames and as nuisance regressors in GLM/FC.
sub-002,fpreproc/results/connectivity/sub-002/sub-002_roi_timeseries.npy,connectivity,Atlas-averaged time series (AAL 116 ROIs) extracted from preprocessed fMRI,Check for spikes; align censoring with motion outliers. Scrub high-FD volumes or add ICA-AROMA/regressors before stats.
sub-002,fpreproc/results/connectivity/sub-002/sub-002_fc_correlation.npy,connectivity,ROI-to-ROI Pearson correlation matrix (symmetric 116x116),"Apply Fisher z/threshold; recompute after motion scrubbing. High motion (mean FD 28.69, 99.6%>0.5); Low tSNR 20.9"
sub-002,fpreproc/results/connectivity/sub-002/sub-002_fc_partial_correlation.npy,connectivity,Partial correlation matrix controlling shared variance,"Use for sparse graphs; validate stability after nuisance regression. High motion (mean FD 28.69, 99.6%>0.5); Low tSNR 20.9"
sub-002,fpreproc/results/connectivity/sub-002/sub-002_graph_metrics.json,connectivity,"Graph measures derived from FC (density, modularity, etc.)",Interpret only after network thresholding and motion control; compare against nulls.
sub-002,fpreproc/results/connectivity/sub-002/sub-002_ica_components.nii.gz,ica,Spatial ICA maps (20 components) with accompanying timecourses/classifications,Review classifications; remove noise components before group analysis.
sub-002,fpreproc/results/connectivity/sub-002/sub-002_ica_classifications.json,ica,Noise vs signal labels per ICA component with high-frequency ratios,Confirm labels manually; rerun ICA after scrubbing if motion-driven artifacts dominate.
sub-002,fpreproc/results/connectivity/sub-002/sub-002_ec_granger.npy,effective_connectivity,Directed connectivity matrix (target x source) from Granger causality,Check stationarity; rerun after nuisance cleanup to reduce spurious directionality.
sub-002,fpreproc/results/connectivity/sub-002/sub-002_ec_transfer_entropy.npy,effective_connectivity,Directed connectivity matrix estimated via transfer entropy,Validate symmetry/asymmetry patterns; ensure adequate sample length after censoring.
sub-002,fpreproc/results/visualization/sub-002/sub-002_network_viz_metadata.json,visualization,"Paths to glass brain, 3D, circular, and matrix visualizations of FC",Use for QC/presentation; regenerate after any connectivity changes.
sub-002,fpreproc/results/visualization/sub-002/sub-002_activation_viz_metadata.json,visualization,"Metadata for mean functional image, tSNR map, and ICA component snapshots",Inspect for dropouts or residual motion; rerun after cleaning if artifacts persist.
sub-003,fpreproc/results/sub-003_pipeline_results.json,provenance,"Per-subject pipeline record (nTP 281, mean FD 0.91, tSNR 55.3)","High motion (mean FD 0.91, 72.2%>0.5); use as QC gate and reproducibility record."
sub-003,fpreproc/results/preprocessing/sub-003/sub-003_smoothed.nii.gz,preprocessing,Final preprocessed fMRI in MNI space with smoothing applied,Scrub high-FD volumes or add ICA-AROMA/regressors before stats. Save clean copy if reprocessed.
sub-003,fpreproc/results/preprocessing/sub-003/sub-003_motion_params.txt,preprocessing,Framewise motion parameters from MCFLIRT/AFNI (6 DOF + derivatives),Use to compute scrubbing frames and as nuisance regressors in GLM/FC.
sub-003,fpreproc/results/connectivity/sub-003/sub-003_roi_timeseries.npy,connectivity,Atlas-averaged time series (AAL 116 ROIs) extracted from preprocessed fMRI,Check for spikes; align censoring with motion outliers. Scrub high-FD volumes or add ICA-AROMA/regressors before stats.
sub-003,fpreproc/results/connectivity/sub-003/sub-003_fc_correlation.npy,connectivity,ROI-to-ROI Pearson correlation matrix (symmetric 116x116),"Apply Fisher z/threshold; recompute after motion scrubbing. High motion (mean FD 0.91, 72.2%>0.5)"
sub-003,fpreproc/results/connectivity/sub-003/sub-003_fc_partial_correlation.npy,connectivity,Partial correlation matrix controlling shared variance,"Use for sparse graphs; validate stability after nuisance regression. High motion (mean FD 0.91, 72.2%>0.5)"
sub-003,fpreproc/results/connectivity/sub-003/sub-003_graph_metrics.json,connectivity,"Graph measures derived from FC (density, modularity, etc.)",Interpret only after network thresholding and motion control; compare against nulls.
sub-003,fpreproc/results/connectivity/sub-003/sub-003_ica_components.nii.gz,ica,Spatial ICA maps (20 components) with accompanying timecourses/classifications,Review classifications; remove noise components before group analysis.
sub-003,fpreproc/results/connectivity/sub-003/sub-003_ica_classifications.json,ica,Noise vs signal labels per ICA component with high-frequency ratios,Confirm labels manually; rerun ICA after scrubbing if motion-driven artifacts dominate.
sub-003,fpreproc/results/connectivity/sub-003/sub-003_ec_granger.npy,effective_connectivity,Directed connectivity matrix (target x source) from Granger causality,Check stationarity; rerun after nuisance cleanup to reduce spurious directionality.
sub-003,fpreproc/results/connectivity/sub-003/sub-003_ec_transfer_entropy.npy,effective_connectivity,Directed connectivity matrix estimated via transfer entropy,Validate symmetry/asymmetry patterns; ensure adequate sample length after censoring.
sub-003,fpreproc/results/visualization/sub-003/sub-003_network_viz_metadata.json,visualization,"Paths to glass brain, 3D, circular, and matrix visualizations of FC",Use for QC/presentation; regenerate after any connectivity changes.
sub-003,fpreproc/results/visualization/sub-003/sub-003_activation_viz_metadata.json,visualization,"Metadata for mean functional image, tSNR map, and ICA component snapshots",Inspect for dropouts or residual motion; rerun after cleaning if artifacts persist.
sub-004,fpreproc/results/sub-004_pipeline_results.json,provenance,"Per-subject pipeline record (nTP 281, mean FD 4.93, tSNR 37.6)","High motion (mean FD 4.93, 98.6%>0.5); Low tSNR 37.6; use as QC gate and reproducibility record."
sub-004,fpreproc/results/preprocessing/sub-004/sub-004_smoothed.nii.gz,preprocessing,Final preprocessed fMRI in MNI space with smoothing applied,Scrub high-FD volumes or add ICA-AROMA/regressors before stats. Save clean copy if reprocessed.
sub-004,fpreproc/results/preprocessing/sub-004/sub-004_motion_params.txt,preprocessing,Framewise motion parameters from MCFLIRT/AFNI (6 DOF + derivatives),Use to compute scrubbing frames and as nuisance regressors in GLM/FC.
sub-004,fpreproc/results/connectivity/sub-004/sub-004_roi_timeseries.npy,connectivity,Atlas-averaged time series (AAL 116 ROIs) extracted from preprocessed fMRI,Check for spikes; align censoring with motion outliers. Scrub high-FD volumes or add ICA-AROMA/regressors before stats.
sub-004,fpreproc/results/connectivity/sub-004/sub-004_fc_correlation.npy,connectivity,ROI-to-ROI Pearson correlation matrix (symmetric 116x116),"Apply Fisher z/threshold; recompute after motion scrubbing. High motion (mean FD 4.93, 98.6%>0.5); Low tSNR 37.6"
sub-004,fpreproc/results/connectivity/sub-004/sub-004_fc_partial_correlation.npy,connectivity,Partial correlation matrix controlling shared variance,"Use for sparse graphs; validate stability after nuisance regression. High motion (mean FD 4.93, 98.6%>0.5); Low tSNR 37.6"
sub-004,fpreproc/results/connectivity/sub-004/sub-004_graph_metrics.json,connectivity,"Graph measures derived from FC (density, modularity, etc.)",Interpret only after network thresholding and motion control; compare against nulls.
sub-004,fpreproc/results/connectivity/sub-004/sub-004_ica_components.nii.gz,ica,Spatial ICA maps (20 components) with accompanying timecourses/classifications,Review classifications; remove noise components before group analysis.
sub-004,fpreproc/results/connectivity/sub-004/sub-004_ica_classifications.json,ica,Noise vs signal labels per ICA component with high-frequency ratios,Confirm labels manually; rerun ICA after scrubbing if motion-driven artifacts dominate.
sub-004,fpreproc/results/connectivity/sub-004/sub-004_ec_granger.npy,effective_connectivity,Directed connectivity matrix (target x source) from Granger causality,Check stationarity; rerun after nuisance cleanup to reduce spurious directionality.
sub-004,fpreproc/results/connectivity/sub-004/sub-004_ec_transfer_entropy.npy,effective_connectivity,Directed connectivity matrix estimated via transfer entropy,Validate symmetry/asymmetry patterns; ensure adequate sample length after censoring.
sub-004,fpreproc/results/visualization/sub-004/sub-004_network_viz_metadata.json,visualization,"Paths to glass brain, 3D, circular, and matrix visualizations of FC",Use for QC/presentation; regenerate after any connectivity changes.
sub-004,fpreproc/results/visualization/sub-004/sub-004_activation_viz_metadata.json,visualization,"Metadata for mean functional image, tSNR map, and ICA component snapshots",Inspect for dropouts or residual motion; rerun after cleaning if artifacts persist.
sub-005,fpreproc/results/sub-005_pipeline_results.json,provenance,"Per-subject pipeline record (nTP 281, mean FD 3.57, tSNR 43.9)","High motion (mean FD 3.57, 96.8%>0.5); use as QC gate and reproducibility record."
sub-005,fpreproc/results/preprocessing/sub-005/sub-005_smoothed.nii.gz,preprocessing,Final preprocessed fMRI in MNI space with smoothing applied,Scrub high-FD volumes or add ICA-AROMA/regressors before stats. Save clean copy if reprocessed.
sub-005,fpreproc/results/preprocessing/sub-005/sub-005_motion_params.txt,preprocessing,Framewise motion parameters from MCFLIRT/AFNI (6 DOF + derivatives),Use to compute scrubbing frames and as nuisance regressors in GLM/FC.
sub-005,fpreproc/results/connectivity/sub-005/sub-005_roi_timeseries.npy,connectivity,Atlas-averaged time series (AAL 116 ROIs) extracted from preprocessed fMRI,Check for spikes; align censoring with motion outliers. Scrub high-FD volumes or add ICA-AROMA/regressors before stats.
sub-005,fpreproc/results/connectivity/sub-005/sub-005_fc_correlation.npy,connectivity,ROI-to-ROI Pearson correlation matrix (symmetric 116x116),"Apply Fisher z/threshold; recompute after motion scrubbing. High motion (mean FD 3.57, 96.8%>0.5)"
sub-005,fpreproc/results/connectivity/sub-005/sub-005_fc_partial_correlation.npy,connectivity,Partial correlation matrix controlling shared variance,"Use for sparse graphs; validate stability after nuisance regression. High motion (mean FD 3.57, 96.8%>0.5)"
sub-005,fpreproc/results/connectivity/sub-005/sub-005_graph_metrics.json,connectivity,"Graph measures derived from FC (density, modularity, etc.)",Interpret only after network thresholding and motion control; compare against nulls.
sub-005,fpreproc/results/connectivity/sub-005/sub-005_ica_components.nii.gz,ica,Spatial ICA maps (20 components) with accompanying timecourses/classifications,Review classifications; remove noise components before group analysis.
sub-005,fpreproc/results/connectivity/sub-005/sub-005_ica_classifications.json,ica,Noise vs signal labels per ICA component with high-frequency ratios,Confirm labels manually; rerun ICA after scrubbing if motion-driven artifacts dominate.
sub-005,fpreproc/results/connectivity/sub-005/sub-005_ec_granger.npy,effective_connectivity,Directed connectivity matrix (target x source) from Granger causality,Check stationarity; rerun after nuisance cleanup to reduce spurious directionality.
sub-005,fpreproc/results/connectivity/sub-005/sub-005_ec_transfer_entropy.npy,effective_connectivity,Directed connectivity matrix estimated via transfer entropy,Validate symmetry/asymmetry patterns; ensure adequate sample length after censoring.
sub-005,fpreproc/results/visualization/sub-005/sub-005_network_viz_metadata.json,visualization,"Paths to glass brain, 3D, circular, and matrix visualizations of FC",Use for QC/presentation; regenerate after any connectivity changes.
sub-005,fpreproc/results/visualization/sub-005/sub-005_activation_viz_metadata.json,visualization,"Metadata for mean functional image, tSNR map, and ICA component snapshots",Inspect for dropouts or residual motion; rerun after cleaning if artifacts persist.
sub-006,fpreproc/results/sub-006_pipeline_results.json,provenance,"Per-subject pipeline record (nTP 269, mean FD 4.00, tSNR 49.1)","High motion (mean FD 4.00, 97.4%>0.5); use as QC gate and reproducibility record."
sub-006,fpreproc/results/preprocessing/sub-006/sub-006_smoothed.nii.gz,preprocessing,Final preprocessed fMRI in MNI space with smoothing applied,Scrub high-FD volumes or add ICA-AROMA/regressors before stats. Save clean copy if reprocessed.
sub-006,fpreproc/results/preprocessing/sub-006/sub-006_motion_params.txt,preprocessing,Framewise motion parameters from MCFLIRT/AFNI (6 DOF + derivatives),Use to compute scrubbing frames and as nuisance regressors in GLM/FC.
sub-006,fpreproc/results/connectivity/sub-006/sub-006_roi_timeseries.npy,connectivity,Atlas-averaged time series (AAL 116 ROIs) extracted from preprocessed fMRI,Check for spikes; align censoring with motion outliers. Scrub high-FD volumes or add ICA-AROMA/regressors before stats.
sub-006,fpreproc/results/connectivity/sub-006/sub-006_fc_correlation.npy,connectivity,ROI-to-ROI Pearson correlation matrix (symmetric 116x116),"Apply Fisher z/threshold; recompute after motion scrubbing. High motion (mean FD 4.00, 97.4%>0.5)"
sub-006,fpreproc/results/connectivity/sub-006/sub-006_fc_partial_correlation.npy,connectivity,Partial correlation matrix controlling shared variance,"Use for sparse graphs; validate stability after nuisance regression. High motion (mean FD 4.00, 97.4%>0.5)"
sub-006,fpreproc/results/connectivity/sub-006/sub-006_graph_metrics.json,connectivity,"Graph measures derived from FC (density, modularity, etc.)",Interpret only after network thresholding and motion control; compare against nulls.
sub-006,fpreproc/results/connectivity/sub-006/sub-006_ica_components.nii.gz,ica,Spatial ICA maps (20 components) with accompanying timecourses/classifications,Review classifications; remove noise components before group analysis.
sub-006,fpreproc/results/connectivity/sub-006/sub-006_ica_classifications.json,ica,Noise vs signal labels per ICA component with high-frequency ratios,Confirm labels manually; rerun ICA after scrubbing if motion-driven artifacts dominate.
sub-006,fpreproc/results/connectivity/sub-006/sub-006_ec_granger.npy,effective_connectivity,Directed connectivity matrix (target x source) from Granger causality,Check stationarity; rerun after nuisance cleanup to reduce spurious directionality.
sub-006,fpreproc/results/connectivity/sub-006/sub-006_ec_transfer_entropy.npy,effective_connectivity,Directed connectivity matrix estimated via transfer entropy,Validate symmetry/asymmetry patterns; ensure adequate sample length after censoring.
sub-006,fpreproc/results/visualization/sub-006/sub-006_network_viz_metadata.json,visualization,"Paths to glass brain, 3D, circular, and matrix visualizations of FC",Use for QC/presentation; regenerate after any connectivity changes.
sub-006,fpreproc/results/visualization/sub-006/sub-006_activation_viz_metadata.json,visualization,"Metadata for mean functional image, tSNR map, and ICA component snapshots",Inspect for dropouts or residual motion; rerun after cleaning if artifacts persist.
sub-007,fpreproc/results/sub-007_pipeline_results.json,provenance,"Per-subject pipeline record (nTP 246, mean FD 6.60, tSNR 43.1)","High motion (mean FD 6.60, 99.6%>0.5); use as QC gate and reproducibility record."
sub-007,fpreproc/results/preprocessing/sub-007/sub-007_smoothed.nii.gz,preprocessing,Final preprocessed fMRI in MNI space with smoothing applied,Scrub high-FD volumes or add ICA-AROMA/regressors before stats. Save clean copy if reprocessed.
sub-007,fpreproc/results/preprocessing/sub-007/sub-007_motion_params.txt,preprocessing,Framewise motion parameters from MCFLIRT/AFNI (6 DOF + derivatives),Use to compute scrubbing frames and as nuisance regressors in GLM/FC.
sub-007,fpreproc/results/connectivity/sub-007/sub-007_roi_timeseries.npy,connectivity,Atlas-averaged time series (AAL 116 ROIs) extracted from preprocessed fMRI,Check for spikes; align censoring with motion outliers. Scrub high-FD volumes or add ICA-AROMA/regressors before stats.
sub-007,fpreproc/results/connectivity/sub-007/sub-007_fc_correlation.npy,connectivity,ROI-to-ROI Pearson correlation matrix (symmetric 116x116),"Apply Fisher z/threshold; recompute after motion scrubbing. High motion (mean FD 6.60, 99.6%>0.5)"
sub-007,fpreproc/results/connectivity/sub-007/sub-007_fc_partial_correlation.npy,connectivity,Partial correlation matrix controlling shared variance,"Use for sparse graphs; validate stability after nuisance regression. High motion (mean FD 6.60, 99.6%>0.5)"
sub-007,fpreproc/results/connectivity/sub-007/sub-007_graph_metrics.json,connectivity,"Graph measures derived from FC (density, modularity, etc.)",Interpret only after network thresholding and motion control; compare against nulls.
sub-007,fpreproc/results/connectivity/sub-007/sub-007_ica_components.nii.gz,ica,Spatial ICA maps (20 components) with accompanying timecourses/classifications,Review classifications; remove noise components before group analysis.
sub-007,fpreproc/results/connectivity/sub-007/sub-007_ica_classifications.json,ica,Noise vs signal labels per ICA component with high-frequency ratios,Confirm labels manually; rerun ICA after scrubbing if motion-driven artifacts dominate.
sub-007,fpreproc/results/connectivity/sub-007/sub-007_ec_granger.npy,effective_connectivity,Directed connectivity matrix (target x source) from Granger causality,Check stationarity; rerun after nuisance cleanup to reduce spurious directionality.
sub-007,fpreproc/results/connectivity/sub-007/sub-007_ec_transfer_entropy.npy,effective_connectivity,Directed connectivity matrix estimated via transfer entropy,Validate symmetry/asymmetry patterns; ensure adequate sample length after censoring.
sub-007,fpreproc/results/visualization/sub-007/sub-007_network_viz_metadata.json,visualization,"Paths to glass brain, 3D, circular, and matrix visualizations of FC",Use for QC/presentation; regenerate after any connectivity changes.
sub-007,fpreproc/results/visualization/sub-007/sub-007_activation_viz_metadata.json,visualization,"Metadata for mean functional image, tSNR map, and ICA component snapshots",Inspect for dropouts or residual motion; rerun after cleaning if artifacts persist.
sub-008,fpreproc/results/sub-008_pipeline_results.json,provenance,"Per-subject pipeline record (nTP 281, mean FD 10.24, tSNR 53.3)","High motion (mean FD 10.24, 99.6%>0.5); use as QC gate and reproducibility record."
sub-008,fpreproc/results/preprocessing/sub-008/sub-008_smoothed.nii.gz,preprocessing,Final preprocessed fMRI in MNI space with smoothing applied,Scrub high-FD volumes or add ICA-AROMA/regressors before stats. Save clean copy if reprocessed.
sub-008,fpreproc/results/preprocessing/sub-008/sub-008_motion_params.txt,preprocessing,Framewise motion parameters from MCFLIRT/AFNI (6 DOF + derivatives),Use to compute scrubbing frames and as nuisance regressors in GLM/FC.
sub-008,fpreproc/results/connectivity/sub-008/sub-008_roi_timeseries.npy,connectivity,Atlas-averaged time series (AAL 116 ROIs) extracted from preprocessed fMRI,Check for spikes; align censoring with motion outliers. Scrub high-FD volumes or add ICA-AROMA/regressors before stats.
sub-008,fpreproc/results/connectivity/sub-008/sub-008_fc_correlation.npy,connectivity,ROI-to-ROI Pearson correlation matrix (symmetric 116x116),"Apply Fisher z/threshold; recompute after motion scrubbing. High motion (mean FD 10.24, 99.6%>0.5)"
sub-008,fpreproc/results/connectivity/sub-008/sub-008_fc_partial_correlation.npy,connectivity,Partial correlation matrix controlling shared variance,"Use for sparse graphs; validate stability after nuisance regression. High motion (mean FD 10.24, 99.6%>0.5)"
sub-008,fpreproc/results/connectivity/sub-008/sub-008_graph_metrics.json,connectivity,"Graph measures derived from FC (density, modularity, etc.)",Interpret only after network thresholding and motion control; compare against nulls.
sub-008,fpreproc/results/connectivity/sub-008/sub-008_ica_components.nii.gz,ica,Spatial ICA maps (20 components) with accompanying timecourses/classifications,Review classifications; remove noise components before group analysis.
sub-008,fpreproc/results/connectivity/sub-008/sub-008_ica_classifications.json,ica,Noise vs signal labels per ICA component with high-frequency ratios,Confirm labels manually; rerun ICA after scrubbing if motion-driven artifacts dominate.
sub-008,fpreproc/results/connectivity/sub-008/sub-008_ec_granger.npy,effective_connectivity,Directed connectivity matrix (target x source) from Granger causality,Check stationarity; rerun after nuisance cleanup to reduce spurious directionality.
sub-008,fpreproc/results/connectivity/sub-008/sub-008_ec_transfer_entropy.npy,effective_connectivity,Directed connectivity matrix estimated via transfer entropy,Validate symmetry/asymmetry patterns; ensure adequate sample length after censoring.
sub-008,fpreproc/results/visualization/sub-008/sub-008_network_viz_metadata.json,visualization,"Paths to glass brain, 3D, circular, and matrix visualizations of FC",Use for QC/presentation; regenerate after any connectivity changes.
sub-008,fpreproc/results/visualization/sub-008/sub-008_activation_viz_metadata.json,visualization,"Metadata for mean functional image, tSNR map, and ICA component snapshots",Inspect for dropouts or residual motion; rerun after cleaning if artifacts persist.
sub-009,fpreproc/results/sub-009_pipeline_results.json,provenance,"Per-subject pipeline record (nTP 281, mean FD 3.08, tSNR 44.1)","High motion (mean FD 3.08, 95.4%>0.5); use as QC gate and reproducibility record."
sub-009,fpreproc/results/preprocessing/sub-009/sub-009_smoothed.nii.gz,preprocessing,Final preprocessed fMRI in MNI space with smoothing applied,Scrub high-FD volumes or add ICA-AROMA/regressors before stats. Save clean copy if reprocessed.
sub-009,fpreproc/results/preprocessing/sub-009/sub-009_motion_params.txt,preprocessing,Framewise motion parameters from MCFLIRT/AFNI (6 DOF + derivatives),Use to compute scrubbing frames and as nuisance regressors in GLM/FC.
sub-009,fpreproc/results/connectivity/sub-009/sub-009_roi_timeseries.npy,connectivity,Atlas-averaged time series (AAL 116 ROIs) extracted from preprocessed fMRI,Check for spikes; align censoring with motion outliers. Scrub high-FD volumes or add ICA-AROMA/regressors before stats.
sub-009,fpreproc/results/connectivity/sub-009/sub-009_fc_correlation.npy,connectivity,ROI-to-ROI Pearson correlation matrix (symmetric 116x116),"Apply Fisher z/threshold; recompute after motion scrubbing. High motion (mean FD 3.08, 95.4%>0.5)"
sub-009,fpreproc/results/connectivity/sub-009/sub-009_fc_partial_correlation.npy,connectivity,Partial correlation matrix controlling shared variance,"Use for sparse graphs; validate stability after nuisance regression. High motion (mean FD 3.08, 95.4%>0.5)"
sub-009,fpreproc/results/connectivity/sub-009/sub-009_graph_metrics.json,connectivity,"Graph measures derived from FC (density, modularity, etc.)",Interpret only after network thresholding and motion control; compare against nulls.
sub-009,fpreproc/results/connectivity/sub-009/sub-009_ica_components.nii.gz,ica,Spatial ICA maps (20 components) with accompanying timecourses/classifications,Review classifications; remove noise components before group analysis.
sub-009,fpreproc/results/connectivity/sub-009/sub-009_ica_classifications.json,ica,Noise vs signal labels per ICA component with high-frequency ratios,Confirm labels manually; rerun ICA after scrubbing if motion-driven artifacts dominate.
sub-009,fpreproc/results/connectivity/sub-009/sub-009_ec_granger.npy,effective_connectivity,Directed connectivity matrix (target x source) from Granger causality,Check stationarity; rerun after nuisance cleanup to reduce spurious directionality.
sub-009,fpreproc/results/connectivity/sub-009/sub-009_ec_transfer_entropy.npy,effective_connectivity,Directed connectivity matrix estimated via transfer entropy,Validate symmetry/asymmetry patterns; ensure adequate sample length after censoring.
sub-009,fpreproc/results/visualization/sub-009/sub-009_network_viz_metadata.json,visualization,"Paths to glass brain, 3D, circular, and matrix visualizations of FC",Use for QC/presentation; regenerate after any connectivity changes.
sub-009,fpreproc/results/visualization/sub-009/sub-009_activation_viz_metadata.json,visualization,"Metadata for mean functional image, tSNR map, and ICA component snapshots",Inspect for dropouts or residual motion; rerun after cleaning if artifacts persist.
sub-010,fpreproc/results/sub-010_pipeline_results.json,provenance,"Per-subject pipeline record (nTP 281, mean FD 3.38, tSNR 46.8)","High motion (mean FD 3.38, 96.4%>0.5); use as QC gate and reproducibility record."
sub-010,fpreproc/results/preprocessing/sub-010/sub-010_smoothed.nii.gz,preprocessing,Final preprocessed fMRI in MNI space with smoothing applied,Scrub high-FD volumes or add ICA-AROMA/regressors before stats. Save clean copy if reprocessed.
sub-010,fpreproc/results/preprocessing/sub-010/sub-010_motion_params.txt,preprocessing,Framewise motion parameters from MCFLIRT/AFNI (6 DOF + derivatives),Use to compute scrubbing frames and as nuisance regressors in GLM/FC.
sub-010,fpreproc/results/connectivity/sub-010/sub-010_roi_timeseries.npy,connectivity,Atlas-averaged time series (AAL 116 ROIs) extracted from preprocessed fMRI,Check for spikes; align censoring with motion outliers. Scrub high-FD volumes or add ICA-AROMA/regressors before stats.
sub-010,fpreproc/results/connectivity/sub-010/sub-010_fc_correlation.npy,connectivity,ROI-to-ROI Pearson correlation matrix (symmetric 116x116),"Apply Fisher z/threshold; recompute after motion scrubbing. High motion (mean FD 3.38, 96.4%>0.5)"
sub-010,fpreproc/results/connectivity/sub-010/sub-010_fc_partial_correlation.npy,connectivity,Partial correlation matrix controlling shared variance,"Use for sparse graphs; validate stability after nuisance regression. High motion (mean FD 3.38, 96.4%>0.5)"
sub-010,fpreproc/results/connectivity/sub-010/sub-010_graph_metrics.json,connectivity,"Graph measures derived from FC (density, modularity, etc.)",Interpret only after network thresholding and motion control; compare against nulls.
sub-010,fpreproc/results/connectivity/sub-010/sub-010_ica_components.nii.gz,ica,Spatial ICA maps (20 components) with accompanying timecourses/classifications,Review classifications; remove noise components before group analysis.
sub-010,fpreproc/results/connectivity/sub-010/sub-010_ica_classifications.json,ica,Noise vs signal labels per ICA component with high-frequency ratios,Confirm labels manually; rerun ICA after scrubbing if motion-driven artifacts dominate.
sub-010,fpreproc/results/connectivity/sub-010/sub-010_ec_granger.npy,effective_connectivity,Directed connectivity matrix (target x source) from Granger causality,Check stationarity; rerun after nuisance cleanup to reduce spurious directionality.
sub-010,fpreproc/results/connectivity/sub-010/sub-010_ec_transfer_entropy.npy,effective_connectivity,Directed connectivity matrix estimated via transfer entropy,Validate symmetry/asymmetry patterns; ensure adequate sample length after censoring.
sub-010,fpreproc/results/visualization/sub-010/sub-010_network_viz_metadata.json,visualization,"Paths to glass brain, 3D, circular, and matrix visualizations of FC",Use for QC/presentation; regenerate after any connectivity changes.
sub-010,fpreproc/results/visualization/sub-010/sub-010_activation_viz_metadata.json,visualization,"Metadata for mean functional image, tSNR map, and ICA component snapshots",Inspect for dropouts or residual motion; rerun after cleaning if artifacts persist.
sub-011,fpreproc/results/sub-011_pipeline_results.json,provenance,"Per-subject pipeline record (nTP 281, mean FD 3.01, tSNR 53.0)","High motion (mean FD 3.01, 97.2%>0.5); use as QC gate and reproducibility record."
sub-011,fpreproc/results/preprocessing/sub-011/sub-011_smoothed.nii.gz,preprocessing,Final preprocessed fMRI in MNI space with smoothing applied,Scrub high-FD volumes or add ICA-AROMA/regressors before stats. Save clean copy if reprocessed.
sub-011,fpreproc/results/preprocessing/sub-011/sub-011_motion_params.txt,preprocessing,Framewise motion parameters from MCFLIRT/AFNI (6 DOF + derivatives),Use to compute scrubbing frames and as nuisance regressors in GLM/FC.
sub-011,fpreproc/results/connectivity/sub-011/sub-011_roi_timeseries.npy,connectivity,Atlas-averaged time series (AAL 116 ROIs) extracted from preprocessed fMRI,Check for spikes; align censoring with motion outliers. Scrub high-FD volumes or add ICA-AROMA/regressors before stats.
sub-011,fpreproc/results/connectivity/sub-011/sub-011_fc_correlation.npy,connectivity,ROI-to-ROI Pearson correlation matrix (symmetric 116x116),"Apply Fisher z/threshold; recompute after motion scrubbing. High motion (mean FD 3.01, 97.2%>0.5)"
sub-011,fpreproc/results/connectivity/sub-011/sub-011_fc_partial_correlation.npy,connectivity,Partial correlation matrix controlling shared variance,"Use for sparse graphs; validate stability after nuisance regression. High motion (mean FD 3.01, 97.2%>0.5)"
sub-011,fpreproc/results/connectivity/sub-011/sub-011_graph_metrics.json,connectivity,"Graph measures derived from FC (density, modularity, etc.)",Interpret only after network thresholding and motion control; compare against nulls.
sub-011,fpreproc/results/connectivity/sub-011/sub-011_ica_components.nii.gz,ica,Spatial ICA maps (20 components) with accompanying timecourses/classifications,Review classifications; remove noise components before group analysis.
sub-011,fpreproc/results/connectivity/sub-011/sub-011_ica_classifications.json,ica,Noise vs signal labels per ICA component with high-frequency ratios,Confirm labels manually; rerun ICA after scrubbing if motion-driven artifacts dominate.
sub-011,fpreproc/results/connectivity/sub-011/sub-011_ec_granger.npy,effective_connectivity,Directed connectivity matrix (target x source) from Granger causality,Check stationarity; rerun after nuisance cleanup to reduce spurious directionality.
sub-011,fpreproc/results/connectivity/sub-011/sub-011_ec_transfer_entropy.npy,effective_connectivity,Directed connectivity matrix estimated via transfer entropy,Validate symmetry/asymmetry patterns; ensure adequate sample length after censoring.
sub-011,fpreproc/results/visualization/sub-011/sub-011_network_viz_metadata.json,visualization,"Paths to glass brain, 3D, circular, and matrix visualizations of FC",Use for QC/presentation; regenerate after any connectivity changes.
sub-011,fpreproc/results/visualization/sub-011/sub-011_activation_viz_metadata.json,visualization,"Metadata for mean functional image, tSNR map, and ICA component snapshots",Inspect for dropouts or residual motion; rerun after cleaning if artifacts persist.
sub-012,fpreproc/results/sub-012_pipeline_results.json,provenance,"Per-subject pipeline record (nTP 281, mean FD 6.17, tSNR 50.4)","High motion (mean FD 6.17, 98.6%>0.5); use as QC gate and reproducibility record."
sub-012,fpreproc/results/preprocessing/sub-012/sub-012_smoothed.nii.gz,preprocessing,Final preprocessed fMRI in MNI space with smoothing applied,Scrub high-FD volumes or add ICA-AROMA/regressors before stats. Save clean copy if reprocessed.
sub-012,fpreproc/results/preprocessing/sub-012/sub-012_motion_params.txt,preprocessing,Framewise motion parameters from MCFLIRT/AFNI (6 DOF + derivatives),Use to compute scrubbing frames and as nuisance regressors in GLM/FC.
sub-012,fpreproc/results/connectivity/sub-012/sub-012_roi_timeseries.npy,connectivity,Atlas-averaged time series (AAL 116 ROIs) extracted from preprocessed fMRI,Check for spikes; align censoring with motion outliers. Scrub high-FD volumes or add ICA-AROMA/regressors before stats.
sub-012,fpreproc/results/connectivity/sub-012/sub-012_fc_correlation.npy,connectivity,ROI-to-ROI Pearson correlation matrix (symmetric 116x116),"Apply Fisher z/threshold; recompute after motion scrubbing. High motion (mean FD 6.17, 98.6%>0.5)"
sub-012,fpreproc/results/connectivity/sub-012/sub-012_fc_partial_correlation.npy,connectivity,Partial correlation matrix controlling shared variance,"Use for sparse graphs; validate stability after nuisance regression. High motion (mean FD 6.17, 98.6%>0.5)"
sub-012,fpreproc/results/connectivity/sub-012/sub-012_graph_metrics.json,connectivity,"Graph measures derived from FC (density, modularity, etc.)",Interpret only after network thresholding and motion control; compare against nulls.
sub-012,fpreproc/results/connectivity/sub-012/sub-012_ica_components.nii.gz,ica,Spatial ICA maps (20 components) with accompanying timecourses/classifications,Review classifications; remove noise components before group analysis.
sub-012,fpreproc/results/connectivity/sub-012/sub-012_ica_classifications.json,ica,Noise vs signal labels per ICA component with high-frequency ratios,Confirm labels manually; rerun ICA after scrubbing if motion-driven artifacts dominate.
sub-012,fpreproc/results/connectivity/sub-012/sub-012_ec_granger.npy,effective_connectivity,Directed connectivity matrix (target x source) from Granger causality,Check stationarity; rerun after nuisance cleanup to reduce spurious directionality.
sub-012,fpreproc/results/connectivity/sub-012/sub-012_ec_transfer_entropy.npy,effective_connectivity,Directed connectivity matrix estimated via transfer entropy,Validate symmetry/asymmetry patterns; ensure adequate sample length after censoring.
sub-012,fpreproc/results/visualization/sub-012/sub-012_network_viz_metadata.json,visualization,"Paths to glass brain, 3D, circular, and matrix visualizations of FC",Use for QC/presentation; regenerate after any connectivity changes.
sub-012,fpreproc/results/visualization/sub-012/sub-012_activation_viz_metadata.json,visualization,"Metadata for mean functional image, tSNR map, and ICA component snapshots",Inspect for dropouts or residual motion; rerun after cleaning if artifacts persist.
sub-013,fpreproc/results/sub-013_pipeline_results.json,provenance,"Per-subject pipeline record (nTP 281, mean FD 7.82, tSNR 43.4)","High motion (mean FD 7.82, 99.3%>0.5); use as QC gate and reproducibility record."
sub-013,fpreproc/results/preprocessing/sub-013/sub-013_smoothed.nii.gz,preprocessing,Final preprocessed fMRI in MNI space with smoothing applied,Scrub high-FD volumes or add ICA-AROMA/regressors before stats. Save clean copy if reprocessed.
sub-013,fpreproc/results/preprocessing/sub-013/sub-013_motion_params.txt,preprocessing,Framewise motion parameters from MCFLIRT/AFNI (6 DOF + derivatives),Use to compute scrubbing frames and as nuisance regressors in GLM/FC.
sub-013,fpreproc/results/connectivity/sub-013/sub-013_roi_timeseries.npy,connectivity,Atlas-averaged time series (AAL 116 ROIs) extracted from preprocessed fMRI,Check for spikes; align censoring with motion outliers. Scrub high-FD volumes or add ICA-AROMA/regressors before stats.
sub-013,fpreproc/results/connectivity/sub-013/sub-013_fc_correlation.npy,connectivity,ROI-to-ROI Pearson correlation matrix (symmetric 116x116),"Apply Fisher z/threshold; recompute after motion scrubbing. High motion (mean FD 7.82, 99.3%>0.5)"
sub-013,fpreproc/results/connectivity/sub-013/sub-013_fc_partial_correlation.npy,connectivity,Partial correlation matrix controlling shared variance,"Use for sparse graphs; validate stability after nuisance regression. High motion (mean FD 7.82, 99.3%>0.5)"
sub-013,fpreproc/results/connectivity/sub-013/sub-013_graph_metrics.json,connectivity,"Graph measures derived from FC (density, modularity, etc.)",Interpret only after network thresholding and motion control; compare against nulls.
sub-013,fpreproc/results/connectivity/sub-013/sub-013_ica_components.nii.gz,ica,Spatial ICA maps (20 components) with accompanying timecourses/classifications,Review classifications; remove noise components before group analysis.
sub-013,fpreproc/results/connectivity/sub-013/sub-013_ica_classifications.json,ica,Noise vs signal labels per ICA component with high-frequency ratios,Confirm labels manually; rerun ICA after scrubbing if motion-driven artifacts dominate.
sub-013,fpreproc/results/connectivity/sub-013/sub-013_ec_granger.npy,effective_connectivity,Directed connectivity matrix (target x source) from Granger causality,Check stationarity; rerun after nuisance cleanup to reduce spurious directionality.
sub-013,fpreproc/results/connectivity/sub-013/sub-013_ec_transfer_entropy.npy,effective_connectivity,Directed connectivity matrix estimated via transfer entropy,Validate symmetry/asymmetry patterns; ensure adequate sample length after censoring.
sub-013,fpreproc/results/visualization/sub-013/sub-013_network_viz_metadata.json,visualization,"Paths to glass brain, 3D, circular, and matrix visualizations of FC",Use for QC/presentation; regenerate after any connectivity changes.
sub-013,fpreproc/results/visualization/sub-013/sub-013_activation_viz_metadata.json,visualization,"Metadata for mean functional image, tSNR map, and ICA component snapshots",Inspect for dropouts or residual motion; rerun after cleaning if artifacts persist.
sub-014,fpreproc/results/sub-014_pipeline_results.json,provenance,"Per-subject pipeline record (nTP 281, mean FD 2.20, tSNR 47.8)","High motion (mean FD 2.20, 94.7%>0.5); use as QC gate and reproducibility record."
sub-014,fpreproc/results/preprocessing/sub-014/sub-014_smoothed.nii.gz,preprocessing,Final preprocessed fMRI in MNI space with smoothing applied,Scrub high-FD volumes or add ICA-AROMA/regressors before stats. Save clean copy if reprocessed.
sub-014,fpreproc/results/preprocessing/sub-014/sub-014_motion_params.txt,preprocessing,Framewise motion parameters from MCFLIRT/AFNI (6 DOF + derivatives),Use to compute scrubbing frames and as nuisance regressors in GLM/FC.
sub-014,fpreproc/results/connectivity/sub-014/sub-014_roi_timeseries.npy,connectivity,Atlas-averaged time series (AAL 116 ROIs) extracted from preprocessed fMRI,Check for spikes; align censoring with motion outliers. Scrub high-FD volumes or add ICA-AROMA/regressors before stats.
sub-014,fpreproc/results/connectivity/sub-014/sub-014_fc_correlation.npy,connectivity,ROI-to-ROI Pearson correlation matrix (symmetric 116x116),"Apply Fisher z/threshold; recompute after motion scrubbing. High motion (mean FD 2.20, 94.7%>0.5)"
sub-014,fpreproc/results/connectivity/sub-014/sub-014_fc_partial_correlation.npy,connectivity,Partial correlation matrix controlling shared variance,"Use for sparse graphs; validate stability after nuisance regression. High motion (mean FD 2.20, 94.7%>0.5)"
sub-014,fpreproc/results/connectivity/sub-014/sub-014_graph_metrics.json,connectivity,"Graph measures derived from FC (density, modularity, etc.)",Interpret only after network thresholding and motion control; compare against nulls.
sub-014,fpreproc/results/connectivity/sub-014/sub-014_ica_components.nii.gz,ica,Spatial ICA maps (20 components) with accompanying timecourses/classifications,Review classifications; remove noise components before group analysis.
sub-014,fpreproc/results/connectivity/sub-014/sub-014_ica_classifications.json,ica,Noise vs signal labels per ICA component with high-frequency ratios,Confirm labels manually; rerun ICA after scrubbing if motion-driven artifacts dominate.
sub-014,fpreproc/results/connectivity/sub-014/sub-014_ec_granger.npy,effective_connectivity,Directed connectivity matrix (target x source) from Granger causality,Check stationarity; rerun after nuisance cleanup to reduce spurious directionality.
sub-014,fpreproc/results/connectivity/sub-014/sub-014_ec_transfer_entropy.npy,effective_connectivity,Directed connectivity matrix estimated via transfer entropy,Validate symmetry/asymmetry patterns; ensure adequate sample length after censoring.
sub-014,fpreproc/results/visualization/sub-014/sub-014_network_viz_metadata.json,visualization,"Paths to glass brain, 3D, circular, and matrix visualizations of FC",Use for QC/presentation; regenerate after any connectivity changes.
sub-014,fpreproc/results/visualization/sub-014/sub-014_activation_viz_metadata.json,visualization,"Metadata for mean functional image, tSNR map, and ICA component snapshots",Inspect for dropouts or residual motion; rerun after cleaning if artifacts persist.
sub-015,fpreproc/results/sub-015_pipeline_results.json,provenance,"Per-subject pipeline record (nTP 281, mean FD 2.92, tSNR 41.9)","High motion (mean FD 2.92, 97.5%>0.5); use as QC gate and reproducibility record."
sub-015,fpreproc/results/preprocessing/sub-015/sub-015_smoothed.nii.gz,preprocessing,Final preprocessed fMRI in MNI space with smoothing applied,Scrub high-FD volumes or add ICA-AROMA/regressors before stats. Save clean copy if reprocessed.
sub-015,fpreproc/results/preprocessing/sub-015/sub-015_motion_params.txt,preprocessing,Framewise motion parameters from MCFLIRT/AFNI (6 DOF + derivatives),Use to compute scrubbing frames and as nuisance regressors in GLM/FC.
sub-015,fpreproc/results/connectivity/sub-015/sub-015_roi_timeseries.npy,connectivity,Atlas-averaged time series (AAL 116 ROIs) extracted from preprocessed fMRI,Check for spikes; align censoring with motion outliers. Scrub high-FD volumes or add ICA-AROMA/regressors before stats.
sub-015,fpreproc/results/connectivity/sub-015/sub-015_fc_correlation.npy,connectivity,ROI-to-ROI Pearson correlation matrix (symmetric 116x116),"Apply Fisher z/threshold; recompute after motion scrubbing. High motion (mean FD 2.92, 97.5%>0.5)"
sub-015,fpreproc/results/connectivity/sub-015/sub-015_fc_partial_correlation.npy,connectivity,Partial correlation matrix controlling shared variance,"Use for sparse graphs; validate stability after nuisance regression. High motion (mean FD 2.92, 97.5%>0.5)"
sub-015,fpreproc/results/connectivity/sub-015/sub-015_graph_metrics.json,connectivity,"Graph measures derived from FC (density, modularity, etc.)",Interpret only after network thresholding and motion control; compare against nulls.
sub-015,fpreproc/results/connectivity/sub-015/sub-015_ica_components.nii.gz,ica,Spatial ICA maps (20 components) with accompanying timecourses/classifications,Review classifications; remove noise components before group analysis.
sub-015,fpreproc/results/connectivity/sub-015/sub-015_ica_classifications.json,ica,Noise vs signal labels per ICA component with high-frequency ratios,Confirm labels manually; rerun ICA after scrubbing if motion-driven artifacts dominate.
sub-015,fpreproc/results/connectivity/sub-015/sub-015_ec_granger.npy,effective_connectivity,Directed connectivity matrix (target x source) from Granger causality,Check stationarity; rerun after nuisance cleanup to reduce spurious directionality.
sub-015,fpreproc/results/connectivity/sub-015/sub-015_ec_transfer_entropy.npy,effective_connectivity,Directed connectivity matrix estimated via transfer entropy,Validate symmetry/asymmetry patterns; ensure adequate sample length after censoring.
sub-015,fpreproc/results/visualization/sub-015/sub-015_network_viz_metadata.json,visualization,"Paths to glass brain, 3D, circular, and matrix visualizations of FC",Use for QC/presentation; regenerate after any connectivity changes.
sub-015,fpreproc/results/visualization/sub-015/sub-015_activation_viz_metadata.json,visualization,"Metadata for mean functional image, tSNR map, and ICA component snapshots",Inspect for dropouts or residual motion; rerun after cleaning if artifacts persist.
